date,start_time,end_time,duration_hours,phase,feature,task_id,actor,status,notes
2026-02-22,18:50,19:40,0.83,Specify,foundation-monorepo-bootstrap,FND-001,pair,done,Initial brownfield mapping and specs bootstrap
2026-02-22,19:40,20:30,0.83,Specify,saas-standard-v1,STD-000,pair,done,Defined closed SaaS standard with 5 modules and governance contracts
2026-02-22,20:30,21:05,0.58,Specify,agent-skills-cli-mvp,SKL-000,pair,done,Created CONTEXT and MVP specs for project skills + CLI workflow
2026-02-22,21:05,21:35,0.50,Tasks,agent-skills-cli-mvp,SKL-001..004,pair,done,Created 4 project skills and validated installer runbook in test target
2026-02-23,18:40,20:10,1.50,Implement,saas-standard-v1,STD-001,pair,done,Froze orchestration contracts with JSON schemas and TS/Python stubs
2026-02-23,20:15,20:50,0.58,Implement,agent-skills-cli-mvp,SKL-005,pair,done,Added start-day bootstrap script with context loading and kickoff prompt
2026-02-23,20:50,21:20,0.50,Implement,agent-skills-cli-mvp,SKL-006,pair,done,Added end-day checkpoint script with work/cost logging and pending-task summary
2026-02-23,21:20,22:05,0.75,Implement,saas-standard-v1,STD-002,pair,done,Defined CRM domain state machines and drafted transition test cases for module 02
2026-02-23,22:05,22:45,0.67,Implement,saas-standard-v1,STD-003,pair,done,Defined baseline data model table map with module ownership and ER draft
2026-02-23,22:45,23:20,0.58,Implement,saas-standard-v1,STD-004,pair,done,Defined multimodal API contract and continuous chat/avatar state model for module 01
2026-02-23,23:20,23:50,0.50,Implement,saas-standard-v1,STD-005,pair,done,Defined Evolution integration baseline contracts and operational checklist for module 02
2026-02-23,23:50,23:59,0.15,Implement,saas-standard-v1,STD-006,pair,done,Defined tenant persona packaging schemas/templates and sample tenant validation flow
2026-02-23,23:59,23:59,0.10,Implement,saas-standard-v1,STD-007,pair,done,Defined KPI map and AI/provider cost map with formula linkage to METRICS
2026-02-23,23:59,23:59,0.40,Implement,foundation-monorepo-bootstrap,FND-002..004,pair,done,Bootstrapped Nx runtime skeleton files, project graph, and contract-check target wiring
2026-02-23,23:59,23:59,0.30,Implement,foundation-monorepo-bootstrap,FND-005..006,pair,done,Documented rollback and legacy quarantine policies with evidence and task closure
2026-02-23,23:59,23:59,0.25,Implement,foundation-monorepo-bootstrap,FND-004,pair,done,Added executable contract tests and wired Nx test target for contract suite
2026-02-23,23:59,23:59,0.45,Implement,runtime-dual-concierge-slice,RDS-001..003,pair,done,Implemented app-platform-api endpoints with Ajv validators and runtime tests for owner/webhook/outbound flows
2026-02-23,23:59,23:59,0.10,Implement,runtime-dual-concierge-slice,RDS-004,pair,done,Updated governance state and roadmap for runtime dual concierge slice
2026-02-23,23:59,23:59,0.35,Implement,runtime-dual-concierge-slice,RDS-005,pair,done,Added contract-validated in-memory orchestration dispatch/events with correlation trace endpoints and lifecycle tests
2026-02-23,23:59,23:59,0.40,Implement,runtime-dual-concierge-slice,RDS-006,pair,done,Added durable NDJSON orchestration store and policy-driven task planner with restart rehydration tests
2026-02-23,23:59,23:59,0.35,Implement,runtime-dual-concierge-slice,RDS-007,pair,done,Added durable module-task queue plus worker drain lifecycle endpoints and tests
2026-02-23,23:59,23:59,0.45,Implement,runtime-dual-concierge-slice,RDS-008,pair,done,Added pluggable store factory with Postgres adapter and SQL baseline while preserving file-backend runtime flow
2026-02-23,23:59,23:59,0.35,Implement,runtime-dual-concierge-slice,RDS-009,pair,done,Validated isolated Postgres smoke flow and finalized backend-switch runbook with rollback
2026-02-23,23:59,23:59,0.30,Implement,runtime-dual-concierge-slice,RDS-010,pair,done,Published Runtime CI workflow with contract/runtime checks and postgres smoke gate
2026-02-23,23:59,23:59,0.25,Specify,mod-03-clientes-slice,M03-000,pair,done,Opened draft spec/design/tasks for module 03 clientes migration slice
2026-02-23,23:59,23:59,0.30,Implement,mod-03-clientes-slice,M03-001,pair,done,Published module 03 customer contracts and integrated into contract checks
2026-02-23,23:59,23:59,0.40,Implement,mod-03-clientes-slice,M03-002,pair,done,Implemented customer store abstraction with file and postgres adapters
2026-02-23,23:59,23:59,0.45,Implement,mod-03-clientes-slice,M03-003,pair,done,Implemented customer create/list/get runtime endpoints with schema validation
2026-02-23,23:59,23:59,0.25,Implement,mod-03-clientes-slice,M03-004,pair,done,Added deterministic lead conversion mapper from module 02 to module 03 contracts
2026-02-23,23:59,23:59,0.25,Implement,mod-03-clientes-slice,M03-005,pair,done,Added customer lifecycle orchestration events with correlation trace coverage
2026-02-23,23:59,23:59,0.15,Implement,mod-03-clientes-slice,M03-006,pair,done,Updated state/worklog/costlog and validated runtime+contract+postgres smoke gates
2026-02-23,23:59,23:59,0.25,Specify,mod-04-agenda-slice,M04-000,pair,done,Opened draft spec/design/tasks for module 04 agenda migration slice
2026-02-23,23:59,23:59,0.30,Implement,mod-04-agenda-slice,M04-001,pair,done,Published module 04 agenda contracts and integrated mod04 scope into contract checks
2026-02-23,23:59,23:59,0.45,Implement,mod-04-agenda-slice,M04-002,pair,done,Implemented agenda store abstraction with file and postgres adapters plus SQL baseline tables
2026-02-23,23:59,23:59,0.45,Implement,mod-04-agenda-slice,M04-003,pair,done,Implemented agenda endpoints for appointment create/update and reminder create/list
2026-02-23,23:59,23:59,0.35,Implement,mod-04-agenda-slice,M04-004,pair,done,Implemented reminder lifecycle orchestration events and dispatch command flow with trace coverage
2026-02-23,23:59,23:59,0.20,Implement,mod-04-agenda-slice,M04-005,pair,done,Updated governance docs and validated nx tests contract checks and postgres smoke
2026-02-23,23:59,23:59,0.25,Specify,mod-05-faturamento-cobranca-slice,M05-000,pair,done,Opened draft spec/design/tasks for module 05 faturamento cobranca migration slice
2026-02-23,23:59,23:59,0.35,Implement,mod-05-faturamento-cobranca-slice,M05-001,pair,done,Published module 05 billing contracts and integrated mod05 scope into contract checks
2026-02-23,23:59,23:59,0.40,Implement,mod-05-faturamento-cobranca-slice,M05-002,pair,done,Implemented billing store abstraction with file and postgres adapters plus SQL baseline tables
2026-02-23,23:59,23:59,0.50,Implement,mod-05-faturamento-cobranca-slice,M05-003,pair,done,Implemented billing endpoints for charge create update collection request payment and list
2026-02-23,23:59,23:59,0.35,Implement,mod-05-faturamento-cobranca-slice,M05-004,pair,done,Implemented billing orchestration command/event flow with correlation trace validation
2026-02-23,23:59,23:59,0.20,Implement,mod-05-faturamento-cobranca-slice,M05-005,pair,done,Updated governance docs metrics logs and validated nx tests contract checks and postgres smoke
